INSERT INTO PUBLIC.DOCTOR (ID, FIRST_NAME, LAST_NAME) VALUES (1, 'Adam', 'Kowalski');
INSERT INTO PUBLIC.DOCTOR (ID, FIRST_NAME, LAST_NAME) VALUES (2, 'Anna', 'Nowak');
INSERT INTO PUBLIC.DOCTOR (ID, FIRST_NAME, LAST_NAME) VALUES (3, 'Bartosz', 'Jagiełło');

INSERT INTO PUBLIC.USER (ID, FIRST_NAME, LAST_NAME, LOGIN, PIN) VALUES (1, 'Zbigniew', 'Kowalski', 1111, 1111);
INSERT INTO PUBLIC.USER (ID, FIRST_NAME, LAST_NAME, LOGIN, PIN) VALUES (2, 'Katarzyna', 'Nowak', 2222, 2222);
INSERT INTO PUBLIC.USER (ID, FIRST_NAME, LAST_NAME, LOGIN, PIN) VALUES (3, 'Anna', 'Kowalska', 3333, 3333);
INSERT INTO PUBLIC.USER (ID, FIRST_NAME, LAST_NAME, LOGIN, PIN) VALUES (4, 'Bartłomiej', 'Janda', 4444, 4444);

INSERT INTO PUBLIC.PET (ID, AGE, NAME, SPECIES, WEIGHT, OWNER_ID) VALUES (1, 3, 'Bingo', 'Pies', 9, 1);
INSERT INTO PUBLIC.PET (ID, AGE, NAME, SPECIES, WEIGHT, OWNER_ID) VALUES (2, 5, 'Mruczek', 'Kot', 3.5, 2);
INSERT INTO PUBLIC.PET (ID, AGE, NAME, SPECIES, WEIGHT, OWNER_ID) VALUES (3, 1, 'Stefan', 'Homik', 0.2, 3);
INSERT INTO PUBLIC.PET (ID, AGE, NAME, SPECIES, WEIGHT, OWNER_ID) VALUES (4, 6, 'Rex', 'Pies', 13, 4);
INSERT INTO PUBLIC.PET (ID, AGE, NAME, SPECIES, WEIGHT, OWNER_ID) VALUES (5, 7, 'Funia', 'Kot', 4.2, 1);

INSERT INTO PUBLIC.APPOINTMENT (ID, DATE, DOCTOR_ID, PET_ID) VALUES (1, '2021-01-28 11:30:00.000000', 1, 1);
INSERT INTO PUBLIC.APPOINTMENT (ID, DATE, DOCTOR_ID, PET_ID) VALUES (2, '2021-02-03 12:15:00.000000', 2, 5);
INSERT INTO PUBLIC.APPOINTMENT (ID, DATE, DOCTOR_ID, PET_ID) VALUES (3, '2021-02-03 13:00:00.000000', 1, 1);
INSERT INTO PUBLIC.APPOINTMENT (ID, DATE, DOCTOR_ID, PET_ID) VALUES (4, '2021-01-20 21:09:49.000000', 1, 1);
INSERT INTO PUBLIC.APPOINTMENT (ID, DATE, DOCTOR_ID, PET_ID) VALUES (5, '2021-02-06 09:15:00.000000', 2, 5);
